keyword,growth,volume,growth_indicator,sentiment_indicator,description,url
Turo,69%,1000000,Exploding,Neutral,"Peer-to-peer car sharing company that allows private car owners to rent out their vehicles via an online and mobile interface. The platform offers a wide variety of vehicles, from economy cars to luxury and specialty vehicles, and provides insurance options and customer support to facilitate the rental process. Turo primarily targets individuals looking for flexible and diverse car rental options, as well as car owners seeking to monetize their vehicles.",https://signails.com/topics/turo
Motive,32%,823000,Exploding,Positive,"Motive is a technology company that provides fleet management solutions to help businesses monitor and optimize vehicle operations. The platform offers GPS tracking, electronic logging devices (ELDs), driver safety tools, and compliance support, enabling businesses to improve efficiency, reduce costs, and ensure regulatory adherence. Motive primarily serves logistics companies, transportation fleets, and businesses reliant on vehicle-based operations, including those in trucking, construction, and field services.",https://signails.com/topics/motive
VinFast,488%,550000,Exploding,Positive,"A multinational automotive company based in Vietnam, founded by Vingroup in 2017. The company is recognized for being the first Vietnamese car brand to enter global markets and focuses on producing electric vehicles, including cars and scooters, with a significant increase in deliveries in 2023. VinFast primarily targets environmentally conscious consumers and markets looking for innovative electric vehicle solutions.",https://signails.com/topics/vinfast
vevor,2700%,550000,Exploding,Neutral,"Supplier of a wide range of equipment and tools, established in 2007 and based in Shanghai, China. Vevor offers products including forestry tools, hydroponic gardening supplies, pots, planters, fishing equipment, and construction equipment, distinguishing itself with a diverse product range available in retail stores. The company's offerings are targeted at both professional and amateur users in various industries such as construction, gardening, and fishing.",https://signails.com/topics/vevor
usb-a,809%,450000,Exploding,Neutral,"A common type of USB connector that is flat and rectangular, used for connecting various peripherals to computers and other devices. USB-A has been utilized in multiple versions of the USB standard, each providing different data transfer speeds and power delivery capabilities, making it versatile for various applications. This connector is widely used by consumers and professionals who need to connect devices such as keyboards, mice, and external storage to their computers.",https://signails.com/topics/usb-a
Spinny,372%,450000,Exploding,Positive,"Spinny is a company that specializes in the buying and selling of used cars, founded in 2015 by Ramanshu Mahaur, Niraj Singh, Ganesh Pawar, and Mohit Gupta. The company differentiates itself by offering a seamless and transparent car buying experience, including services like used car loans through its finance partners with competitive interest rates based on creditworthiness. Spinny primarily targets individuals looking to purchase reliable used cars with a hassle-free and trustworthy process.",https://signails.com/topics/spinny
cluster,53%,368000,Exploding,Neutral,"Clusters refer to groups of similar items or entities that are closely located or related in a specific context. In computing, clusters can enhance performance, load balancing, or availability, while in data analysis, they help identify patterns and groupings within datasets. Clusters are valuable in various fields such as computing, data analysis, astronomy, medicine, and business, benefiting professionals and researchers in these areas.",https://signails.com/topics/cluster
Water cooling,89%,368000,Exploding,Positive,"Method used to cool computer components by circulating a liquid coolant through a loop that includes a pump, radiator, and water blocks. It offers superior cooling performance and quieter operation compared to air cooling, though it is more complex and expensive. Water cooling is particularly beneficial for gamers, overclockers, and professionals requiring high-performance computing systems.",https://signails.com/topics/water-cooling
Lidar,100%,301000,Exploding,Positive,"Remote sensing method that uses light in the form of a pulsed laser to measure variable distances to the Earth. Lidar generates precise, three-dimensional information about the shape of the Earth and its surface characteristics, making it valuable for applications such as topographic mapping, forestry, urban planning, autonomous vehicles, and archaeology. This technology is beneficial for professionals in fields like environmental science, urban development, and autonomous vehicle engineering.",https://signails.com/topics/lidar
Paint protection film,222.00000000000003%,301000,Exploding,Positive,"Thermoplastic urethane film applied to painted surfaces of vehicles to protect the paint from stone chips, bug splatters, and minor abrasions. This film is often self-healing and provides a transparent protective layer over the body panels, making it a popular choice for maintaining the aesthetic and resale value of vehicles. Paint protection film is primarily targeted at vehicle owners who want to preserve the exterior condition of their cars, as well as owners of airplanes, RVs, motorcycles, and other surfaces requiring protection.",https://signails.com/topics/paint-protection-film
Deep learning,413.99999999999994%,201000,Exploding,Positive,"Subset of machine learning in artificial intelligence (AI) that utilizes networks capable of learning from unstructured or unlabeled data. Deep learning is instrumental in technologies such as driverless cars, voice control in consumer devices, and various other applications requiring complex pattern recognition. It primarily benefits industries and researchers focused on advanced AI applications and data-driven decision-making.",https://signails.com/topics/deep-learning
LED strip light,134%,201000,Exploding,Positive,"Flexible circuit boards populated with light-emitting diodes (LEDs) and other components, often featuring an adhesive backing for easy installation. LED strip lights are used for various applications, including accent lighting, task lighting, and decorative purposes, and can come in different types such as single color, RGB, and tunable white. They are popular among homeowners, businesses, and designers looking for versatile and energy-efficient lighting solutions.",https://signails.com/topics/led-strip-light
Carsome,123%,165000,Exploding,Positive,"Southeast Asia's largest integrated car e-commerce platform with operations in Malaysia, Indonesia, Thailand, and Singapore. The company aims to digitalize the used car industry by offering end-to-end solutions such as car inspection, ownership transfer, and financing, thereby enhancing the car buying and selling experience. Carsome primarily targets consumers and used car dealers looking for a streamlined and reliable process in the used car market.",https://signails.com/topics/carsome
Ceramic coating,76%,165000,Exploding,Positive,"Ceramic coating is a liquid polymer applied to the exterior of vehicles to provide a protective layer that bonds with the factory paint. It offers a durable, hydrophobic surface that resists dirt, water, UV rays, and minor abrasions, thereby enhancing gloss and reducing the need for frequent washing or waxing. Ceramic coating is primarily used by vehicle owners seeking long-term paint protection and aesthetic enhancement, especially those interested in automotive detailing and maintenance.",https://signails.com/topics/ceramic-coating-1
Roadsurfer,174%,165000,Exploding,Positive,"A leading RV rental and camping expert in Europe, Roadsurfer operates over 70 stations across Europe and North America. They offer the latest camper vans and RV models, along with ready-to-go camping packages, flexible cancellation and rebooking options, 24/7 service, and unlimited mileage, differentiating themselves with comprehensive customer support and convenience. Roadsurfer primarily targets road trip enthusiasts and outdoor adventurers seeking a hassle-free and flexible travel experience.",https://signails.com/topics/roadsurfer
Electric dirtbike,219%,165000,Exploding,Positive,"An electric dirt bike is a battery-powered off-road motorcycle designed for riding on rugged terrains, trails, and motocross tracks without using gasoline. It operates with an electric motor, offering quieter rides, lower maintenance, and zero emissions compared to traditional gas-powered dirt bikes, with models varying in power, range, and suspension systems. Electric dirt bikes are typically targeted at outdoor enthusiasts, environmentally conscious riders, and both amateur and professional off-road motorcyclists seeking a cleaner alternative.",https://signails.com/topics/electric-dirtbike
Miko,170%,165000,Exploding,Positive,"AI-powered robot designed to engage children through interactive games, educational content, and a human-like personality. It differentiates itself by offering a wide range of academic and entertainment features, making learning fun and interactive for kids. Miko is primarily targeted at parents looking for an educational and entertaining companion for their children.",https://signails.com/topics/miko
Geotab,91%,135000,Exploding,Positive,"Canadian technology company specializing in telematics hardware and software for motor vehicles. The company's products enhance vehicle safety, efficiency, and sustainability by utilizing geospatial data and advanced analytics, setting it apart from competitors through its comprehensive data-driven approach. Geotab primarily serves fleet managers and businesses seeking to optimize their vehicle operations and improve overall fleet performance.",https://signails.com/topics/geotab
Autel,163%,135000,Exploding,Positive,"A company that manufactures automobile equipment, specializing in automotive diagnostic and analysis systems, automotive key tools, electrical testers, code readers, and scanners. The company differentiates itself by offering a wide range of high-quality, innovative products designed to meet the needs of automotive professionals and enthusiasts. Their target demographic includes automotive technicians, repair shops, and car enthusiasts seeking reliable and advanced diagnostic tools.",https://signails.com/topics/autel
Top coat,89%,135000,Exploding,Neutral,"A top coat in nail care is a transparent polish applied as the final layer in a manicure routine. It provides a protective layer over the colored polish, enhancing the durability and longevity of the manicure by preventing chipping, smudging, and budging. This product is particularly beneficial for individuals seeking to maintain the appearance and quality of their manicures for an extended period.",https://signails.com/topics/top-coat
hepa filter,118%,135000,Exploding,Positive,"High-efficiency particulate air filters are designed to capture 99.97% of particles that are 0.3 microns or larger, significantly improving indoor air quality by trapping dust, pollen, and other airborne particles. These filters are distinguished by their ability to remove a wide range of contaminants from the air, making them highly effective in environments where air purity is crucial, such as hospitals and laboratories. HEPA filters are particularly beneficial for individuals with allergies or respiratory conditions, as well as those seeking to maintain a cleaner and healthier indoor environment.",https://signails.com/topics/hepa-filter
Getaround,9%,135000,Exploding,Positive,"Car-sharing company that allows users to rent cars and trucks through its proprietary cloud and in-car Connect technology. This technology enables a contactless, on-demand rental experience, differentiating it from traditional car rental services by offering greater convenience and flexibility. Getaround primarily targets urban residents and travelers seeking short-term vehicle access without the commitments of ownership.",https://signails.com/topics/getaround
Mt helmets,21%,135000,Exploding,Neutral,"A brand established in Murcia in 1968, specializing in the production of motorcycle helmets. Known for its high safety standards, MT Helmets utilizes advanced technology and rigorous safety certifications to create competitive and reliable helmets for motorcyclists. The primary target demographic includes motorcyclists seeking high-quality, safety-certified helmets for enhanced protection on the road.",https://signails.com/topics/mt-helmets
Voyah,7000%,110000,Exploding,Positive,"Premium electric vehicle brand from China, launched by Dongfeng Motor Corporation (DFM). It focuses on producing high-end electric vehicles, differentiating itself with advanced technology and luxury features. The brand primarily targets affluent consumers and environmentally conscious individuals seeking premium electric mobility solutions.",https://signails.com/topics/voyah
phev,279%,110000,Exploding,Positive,"A Plug-in Hybrid Electric Vehicle (PHEV) is a type of hybrid vehicle that uses batteries to power an electric motor and another fuel, such as gasoline, to power an internal combustion engine. This allows the vehicle to operate on electric power alone for a certain range before switching to the internal combustion engine, providing flexibility and extended range. PHEVs are particularly beneficial for environmentally conscious consumers and those looking to reduce fuel costs while maintaining the convenience of a traditional vehicle.",https://signails.com/topics/phev
Hybrid vehicle,540%,110000,Exploding,Positive,"A vehicle that utilizes a combination of an internal combustion engine and one or more electric motors to power the vehicle. This dual power source allows for improved fuel efficiency and reduced emissions compared to traditional gasoline or diesel-powered vehicles, with features like regenerative braking to enhance energy efficiency. Hybrid vehicles are particularly beneficial for environmentally conscious consumers and those looking to reduce fuel costs.",https://signails.com/topics/hybrid-vehicle
gasgas,72%,110000,Exploding,Positive,"Spanish motorcycle manufacturer established in 1985, specializing in off-road motorcycles for trials and enduro competitions. Known for its high-performance off-road bikes, Gas Gas was purchased by KTM motorcycles in 2019, further enhancing its market presence and technological capabilities. The brand primarily targets off-road motorcycle enthusiasts and professional riders seeking reliable and competitive bikes for challenging terrains.",https://signails.com/topics/gasgas
focal,44%,110000,Exploding,Positive,"Central and important element in a given context, often serving as the main point of interest or activity. In various fields, such as literature or optics, it denotes the primary character or the point where light converges, respectively, providing clarity and focus. The term is widely applicable across disciplines, benefiting those who need to identify or emphasize the most critical aspect of a subject.",https://signails.com/topics/focal
Microfiber towel,165%,110000,Exploding,Positive,"Microfiber towels are cleaning tools made from synthetic fibers, usually a blend of polyester and polyamide, known for their high absorbency and effective cleaning capabilities. These towels are distinguished by their durability, lint-free nature, and quick-drying properties, making them suitable for a variety of uses including cleaning, automotive detailing, and personal care. Microfiber towels are particularly beneficial for individuals seeking efficient and reusable cleaning solutions that offer superior performance compared to traditional cotton towels.",https://signails.com/topics/microfiber-towel
Phone Holder,66%,110000,Exploding,Positive,"An accessory designed to secure a smartphone in a fixed position, facilitating hands-free usage. Phone holders come in various designs and functionalities, such as mounts for cars, stands for desks, and clips for bicycles, providing convenience and safety by allowing easy access to the device while performing other tasks. They are particularly beneficial for drivers, cyclists, and individuals who frequently use their phones for navigation, video calls, or media consumption.",https://signails.com/topics/phone-holder
freenow,139%,90500,Exploding,Positive,"Germany-based company that aggregates various mobility brands to enhance urban mobility efficiency and sustainability without adding new vehicles to the streets. Backed by the BMW Group and Mercedes-Benz Mobility, it offers a platform that integrates multiple transportation options, providing users with a seamless and eco-friendly travel experience. The service primarily targets urban commuters and environmentally conscious individuals seeking convenient and sustainable transportation solutions.",https://signails.com/topics/freenow
Lifepo4,545%,90500,Exploding,Positive,"Lithium Iron Phosphate (Lifepo4) batteries are a type of rechargeable battery known for their safety, long cycle life, and thermal stability. These batteries are commonly used in electric vehicles, solar energy storage systems, and portable electronics due to their longer lifespan and reduced risk of overheating compared to other lithium-ion batteries. Lifepo4 batteries are particularly beneficial for industries and consumers seeking reliable and safe energy storage solutions with enhanced durability.",https://signails.com/topics/lifepo4-Wt4CmjWg
Connected car,270%,90500,Exploding,Positive,"A vehicle that uses internet connectivity to communicate with external systems. These systems can include applications that can unlock the car, GPS for navigation, and vehicle-to-vehicle communication for enhanced safety and traffic management, providing a more integrated and efficient driving experience. Connected cars are primarily targeted at tech-savvy consumers and those seeking advanced safety features and convenience in their vehicles.",https://signails.com/topics/connected-car
SP Connect,102%,74000,Exploding,Positive,"Brand offering mobile phone mounting solutions, particularly for motorcycles. SP Connect's products include phone clamps, mounts, and cases designed to securely attach smartphones to handlebars, providing protection and easy access while riding. The target demographic includes motorcyclists and cyclists seeking reliable and convenient ways to mount their smartphones during rides.",https://signails.com/topics/sp-connect
Lithium iron phosphate battery,390%,74000,Exploding,Positive,"A type of rechargeable battery that uses iron phosphate as the cathode material, known for its high safety levels and long cycle life. These batteries are less prone to overheating and have a longer lifespan compared to other lithium-ion batteries, making them suitable for applications like electric vehicles, solar energy storage systems, and portable power tools. They are particularly beneficial for users seeking a safer and more environmentally friendly energy storage solution.",https://signails.com/topics/lithium-iron-phosphate-battery
Solar battery,300%,74000,Exploding,Positive,"Devices that store energy generated from solar panels for later use, essential for solar power systems. They provide energy independence, cost savings, and backup power by storing excess energy produced during the day for use at night or during outages. Solar batteries are particularly beneficial for off-grid applications and individuals seeking to reduce reliance on the electrical grid.",https://signails.com/topics/solar-battery
Fine tuning,463.99999999999994%,74000,Exploding,Positive,"Fine-tuning is a process in machine learning where a pre-trained model is adjusted to better suit a specific task or dataset, often involving small changes to the model's parameters. This technique allows the model to leverage existing knowledge while adapting to new data, improving performance on specialized tasks without requiring extensive computational resources. Fine-tuning is particularly beneficial for developers and researchers who aim to enhance model accuracy and efficiency in domain-specific applications.",https://signails.com/topics/fine-tuning-3ZPShZ5w
Base coat,103%,74000,Exploding,Positive,"A preparatory layer applied to nails or surfaces before the application of color polish or paint. In nail care, it protects the natural nail, provides a smooth surface, and helps the color adhere better, while in painting, it prepares the surface and ensures better adhesion of the topcoat. Base coats are essential for individuals seeking long-lasting and professional-looking nail or paint finishes.",https://signails.com/topics/base-coat
Liquefied gas,92%,74000,Exploding,Neutral,"A state of matter where a gas is converted into a liquid form through cooling or compression. Liquefied gases, such as liquid air, liquefied natural gas (LNG), and liquefied petroleum gas (LPG), are used for various industrial and commercial applications due to their ease of storage and transport. These gases are primarily utilized by industries requiring large volumes of gas in a compact form, including energy, manufacturing, and transportation sectors.",https://signails.com/topics/liquefied-gas
Lendbuzz,956%,60500,Exploding,Positive,"Financial technology company offering a car financing platform aimed at consumers with limited credit history. The platform leverages advanced analytics and machine learning to assess creditworthiness, providing an alternative to traditional credit scoring methods and enabling more individuals to secure car loans. Lendbuzz primarily serves customers in the United States who have limited or no credit history and are seeking accessible car financing options.",https://signails.com/topics/lendbuzz
Wireless carplay adapter,1620%,60500,Exploding,Positive,"A device that converts factory-installed wired CarPlay systems into wireless ones, offering plug-and-play functionality for easy installation and use. Wireless CarPlay adapters provide a seamless wireless connection between an iPhone and a car's infotainment system, enhancing convenience and reducing cable clutter. These adapters are particularly beneficial for iPhone users who frequently use CarPlay and prefer a wireless setup for a more streamlined driving experience.",https://signails.com/topics/wireless-carplay-adapter
Vroomly,88%,60500,Exploding,undefined,"Online platform that allows users to compare prices and services of various auto repair shops near their location. It provides instant online quotes for 46 different auto maintenance and repair services, helping users find reliable garages and understand the costs upfront, differentiating itself by offering transparency and convenience in auto repair services. Vroomly primarily targets vehicle owners seeking cost-effective and trustworthy auto repair solutions.",https://signails.com/topics/vroomly
Degreaser,92%,60500,Exploding,Positive,"A cleaner designed to remove grease, oils, cutting fluids, corrosion inhibitors, handling soils, fingerprints, and other contaminants. Degreasers are often used in various industries and applications to clean surfaces and equipment, providing effective removal of stubborn residues that regular cleaners cannot handle. They are particularly beneficial for industrial workers, mechanics, and maintenance personnel who require thorough cleaning solutions for machinery and tools.",https://signails.com/topics/degreaser
Car diffuser,384%,49500,Exploding,Negative,"Devices designed to disperse essential oils or fragrances within a vehicle, enhancing the ambiance and providing a pleasant scent. Car diffusers come in various forms, including USB-powered humidifiers and high-end models with customizable scents, offering a range of options to suit different preferences and needs. These devices are particularly popular among drivers and passengers who seek to improve the in-car environment with pleasant aromas and a calming atmosphere.",https://signails.com/topics/car-diffuser-S9gvFM9W
Ceramic window tint,400%,49500,Exploding,Positive,"A type of window film made using ceramic-based nanoparticles, designed to offer superior performance compared to traditional window tints. It effectively blocks infrared light to reduce heat, provides up to 99% UV protection, reduces glare, and does not interfere with electronic signals, while also being highly durable and offering excellent optical clarity. This product is ideal for vehicle owners and building occupants seeking enhanced comfort, protection, and durability from their window tinting solutions.",https://signails.com/topics/ceramic-window-tint
Bolt extractor set,300%,49500,Exploding,Positive,"A tool kit designed to remove broken, damaged, or stripped bolts, screws, and nuts. It typically includes various sizes of extractors and sometimes additional tools like left-hand drill bits, offering a versatile solution for different types of fasteners. This set is particularly useful for mechanics, DIY enthusiasts, and professionals who frequently encounter stubborn or damaged fasteners.",https://signails.com/topics/bolt-extractor-set
Qualcomm Snapdragon,138%,49500,Exploding,Positive,"Suite of system-on-chip (SoC) semiconductor products designed and marketed by Qualcomm for mobile devices. Known for high performance and efficiency, Snapdragon processors are widely used in smartphones, tablets, and other mobile devices, with various series targeting different market segments from entry-level to flagship devices. The primary users of Snapdragon processors are manufacturers of mobile devices and consumers seeking high-performance mobile technology.",https://signails.com/topics/qualcomm-snapdragon
Dimo,71%,49500,Exploding,Positive,"Platform that helps drivers gain insights into their vehicle's health and performance. Dimo differentiates itself by rewarding users for contributing to the development of future automotive technologies, thereby fostering a community-driven approach to vehicle data and innovation. The platform primarily targets tech-savvy drivers and automotive enthusiasts interested in optimizing their vehicle's performance and contributing to automotive advancements.",https://signails.com/topics/dimo
Lithium Ion,81%,49500,Exploding,Positive,"Rechargeable batteries commonly used in portable electronics and electric vehicles. They are known for their high energy density, long cycle life, and specific charging protocols, making them ideal for devices like smartphones, laptops, and electric cars. These batteries are particularly beneficial for consumers seeking efficient, long-lasting power sources for their electronic devices and electric vehicles.",https://signails.com/topics/lithium-ion
MaXpeedingrods,257%,40500,Exploding,Positive,"Company that offers automotive parts and accessories, including coilovers and suspension kits, as well as power equipment like portable inverter generators. MaXpeedingrods differentiates itself by providing a wide range of products designed for both automotive enthusiasts and those needing reliable power solutions for home backup, camping, and RV use. The target demographic includes car enthusiasts, DIY mechanics, and individuals seeking portable power solutions.",https://signails.com/topics/maxpeedingrods
Foam sprayer,121%,40500,Exploding,Positive,"A device used in car washing that combines car wash soap, water, and air to produce thick suds. This equipment, often called a foam cannon, utilizes the power of a pressure washer to evenly distribute the suds over the vehicle, enhancing the cleaning process by loosening dirt and grime more effectively. Foam sprayers are particularly beneficial for car enthusiasts and professional detailers seeking a thorough and efficient cleaning method.",https://signails.com/topics/foam-sprayer
Wet dry vacuum,246%,40500,Exploding,Positive,"A versatile cleaning tool capable of handling both liquid and dry debris, commonly used in workshops, garages, and construction sites. It differentiates itself from traditional vacuums by its ability to clean up spills and wet messes in addition to dry dirt and dust, making it highly functional for various cleaning tasks. The target demographic includes professionals in construction and automotive industries, as well as homeowners seeking a comprehensive cleaning solution for diverse environments.",https://signails.com/topics/wet-dry-vacuum-tJfiQKHN
Adjustable spanner,30%,40500,Exploding,Positive,"A versatile tool with a movable jaw that can be adjusted to fit various sizes of nuts and bolts. It is commonly used in plumbing, automotive repair, and general maintenance tasks, providing flexibility and convenience in handling different fasteners. The adjustable spanner is particularly useful for professionals and DIY enthusiasts who require a single tool to accommodate multiple sizes of nuts and bolts.",https://signails.com/topics/adjustable-spanner
Leather conditioner,300%,40500,Exploding,Positive,"A product designed to maintain and preserve leather by preventing it from drying out and deteriorating. Leather conditioners restore natural oils, making the material soft and supple, often using ingredients like lanolin and beeswax to moisturize without leaving an oily residue. This product is particularly beneficial for individuals looking to extend the life and appearance of their leather goods, such as furniture, car interiors, and accessories.",https://signails.com/topics/leather-conditioner
XOS,118%,40500,Exploding,Positive,"Company that provides commercial fleet electrification solutions, including class 5-8 electric trucks, charging infrastructure, energy solutions, and intelligent fleet management software. XOS differentiates itself by offering a comprehensive suite of products and services designed to facilitate the rapid and easy adoption of electric fleets, aiming to reduce operational costs and environmental impact. The primary target demographic for XOS includes commercial fleet operators and logistics companies seeking sustainable and efficient transportation solutions.",https://signails.com/topics/xos
Little Trees,35%,40500,Exploding,Positive,"Air fresheners known for their distinctive tree-shaped design, commonly used in cars and small spaces to provide a pleasant scent. The brand offers a wide variety of fragrances and is widely available in many retail stores, distinguishing itself through its iconic shape and extensive scent options. Little Trees air fresheners are primarily targeted at individuals looking to maintain a fresh and pleasant environment in their vehicles or small spaces.",https://signails.com/topics/little-trees
Thinkcar,944%,33100,Exploding,Neutral,"Company specializing in automotive diagnostic tools designed to read and clear diagnostic trouble codes, view live data, and perform system tests and maintenance functions. Thinkcar differentiates itself by offering a range of products such as the THINKCAR PLATINUM S8 PRO, THINKCAR OBD2 Scanner, and THINKCAR PLATINUM S10 PRO, which cater to both professional mechanics and car enthusiasts. The target demographic includes automotive professionals and DIY car owners seeking reliable and advanced diagnostic solutions.",https://signails.com/topics/thinkcar
Tekmetric,300%,33100,Exploding,Positive,"Software company based in Houston, Texas, providing management software specifically designed for auto repair shops. The software allows businesses to perform digital vehicle inspections, build repair orders, manage inventory, track jobs, and communicate with customers, helping auto repair shops gain a competitive advantage and improve profitability. Tekmetric primarily targets auto repair shop owners and managers seeking to streamline their operations and enhance customer service.",https://signails.com/topics/tekmetric
Portable tire inflator,417%,33100,Exploding,Positive,"A portable tire inflator is a compact, mobile device designed to inflate vehicle tires quickly and conveniently, often powered by a car's cigarette lighter or a rechargeable battery. It typically features a pressure gauge, adjustable settings, and various nozzles to accommodate different tire types, making it an essential tool for roadside emergencies or regular tire maintenance. This product is particularly useful for drivers, cyclists, and outdoor enthusiasts who need a reliable and easy-to-use solution for keeping their tires properly inflated while on the move.",https://signails.com/topics/portable-tire-inflator
Eco-worthy,1150%,33100,Exploding,Positive,"Company specializing in renewable energy products, particularly solar power systems. They offer a range of products including solar panels, solar charge controllers, inverters, and complete solar power kits, designed for residential, commercial, and off-grid applications. Eco-worthy targets individuals and businesses seeking affordable and efficient renewable energy solutions to reduce reliance on fossil fuels and promote sustainable living.",https://signails.com/topics/eco-worthy
Car detailing kit,217%,33100,Exploding,Positive,"Collections of products and tools used to clean, restore, and protect a vehicle's interior and exterior surfaces. These kits typically include items such as car wash soap, wax, polish, microfiber towels, brushes, and applicators, providing a comprehensive solution for vehicle maintenance. Car detailing kits are ideal for car owners who wish to maintain the appearance and condition of their vehicles through a thorough cleaning and detailing process.",https://signails.com/topics/car-detailing-kit
Lfp battery,1900%,33100,Exploding,Positive,"Lithium Iron Phosphate (LFP) batteries are a type of rechargeable lithium-ion battery known for their long lifespan and high safety standards. They offer advantages such as no maintenance requirements, lightweight design, and improved discharge and charge efficiency compared to lead-acid and other lithium batteries. LFP batteries are particularly beneficial for applications requiring high safety and long-term reliability, such as electric vehicles and energy storage systems.",https://signails.com/topics/lfp-battery
Car trash can,194%,33100,Exploding,Positive,"Portable bins designed to keep vehicles clean by providing a place to dispose of trash. They come in various sizes and designs, often featuring leak-proof liners, lids, and additional storage pockets, with some models being multifunctional to serve as coolers or storage bags. Car trash cans are particularly useful for drivers and passengers who want to maintain a tidy and organized vehicle interior.",https://signails.com/topics/car-trash-can
Roof tent,-6%,33100,Falling,Positive,"A roof tent, also known as a rooftop tent, is a type of camping tent designed to be mounted on the roof of a vehicle. It provides a quick and easy setup compared to traditional ground tents and often includes a built-in mattress for added comfort. Roof tents are popular among overlanders, adventurers, and those who enjoy camping in remote locations.",https://signails.com/topics/roof-tent
Moisture Absorber,196%,33100,Exploding,Positive,"Products designed to reduce humidity and prevent moisture-related issues such as mold and mildew. These absorbers come in various forms, including desiccant packs, dehumidifiers, and moisture-absorbing crystals, utilizing materials like silica gel and calcium chloride to effectively capture moisture. They are particularly beneficial for individuals living in humid climates or those looking to protect items in storage from moisture damage.",https://signails.com/topics/moisture-absorber
Applied intuition,1700%,27100,Exploding,Positive,"​Applied Intuition is a software company that provides advanced simulation and infrastructure tools to support the development, testing, and deployment of autonomous vehicles and advanced driver-assistance systems (ADAS). Founded in 2017 and headquartered in Mountain View, California, the company offers a suite of products focused on simulation and analytics, enabling automotive industries to comprehensively test and accelerate their autonomous vehicle development. Applied Intuition primarily serves automotive manufacturers, trucking companies, and defense organizations seeking to integrate autonomous capabilities into their operations",https://signails.com/topics/applied-intuition-mXGz9rsz
viofo,1011%,27100,Exploding,Positive,"Company founded in 2011 that specializes in manufacturing high-quality dashcams. Known for their reliable, discreet designs and premium smart functions, Viofo dashcams offer outstanding performance in the market. The primary target demographic includes vehicle owners seeking reliable and advanced dashcam solutions for enhanced driving safety and security.",https://signails.com/topics/viofo
uhs hardware,-12%,27100,Falling,Positive,"UHS Hardware is a company that specializes in automotive and key cutting equipment. It offers a range of products including the Black Widow automotive jaw, portable key cutting machines, and universal key generator kits, differentiating itself with specialized tools for locksmiths and automotive professionals. The primary target demographic for UHS Hardware includes locksmiths, automotive technicians, and security professionals seeking reliable and advanced key cutting solutions.",https://signails.com/topics/uhs-hardware
Marshmallow insurance,158%,27100,Exploding,Positive,"Financial services company specializing in car insurance, particularly for newcomers to the UK. Marshmallow offers fully comprehensive coverage and uses a pricing model that considers a customer's driving history from any country, differentiating it from traditional insurers. The target demographic includes expatriates and immigrants seeking accessible and inclusive car insurance options.",https://signails.com/topics/marshmallow-insurance
Home EV Charger,822.0000000000001%,27100,Exploding,Positive,"Devices designed to charge electric vehicles at home, classified into three levels based on charging speed and power requirements. Level 1 chargers use a standard 120-volt outlet and are the slowest, while Level 2 chargers use a 240-volt outlet and offer faster charging, making them the most common choice for home use. These chargers are primarily targeted at electric vehicle owners who need a convenient and efficient way to charge their vehicles at home.",https://signails.com/topics/home-ev-charger
Etrike,809%,27100,Exploding,Positive,"Electric tricycles designed for personal and cargo transportation, offering a stable and eco-friendly alternative to traditional vehicles. These tricycles come in various models with features such as powerful motors, dual battery systems, and all-weather designs, providing versatility and reliability. Etrikes are particularly suitable for adults seeking an environmentally friendly and stable mode of transportation.",https://signails.com/topics/etrike
Rotating car seat,1329%,27100,Exploding,Neutral,"A rotating car seat is a type of car seat designed to turn towards the car door, facilitating easier access for parents to secure their child and properly adjust the harness. This feature enhances convenience and ensures the child's safety by allowing parents to verify the fit before rotating the seat back into the driving position. These seats are particularly beneficial for parents and caregivers seeking ease of use and added safety during the process of securing their child in the car.",https://signails.com/topics/rotating-car-seat
gan charger,2032.9999999999998%,27100,Exploding,Positive,"A GaN charger is a type of power adapter that uses gallium nitride (GaN) semiconductors instead of traditional silicon, allowing for greater energy efficiency and miniaturization. This technology enables faster charging, higher power output, and reduced heat generation in a smaller form factor, often supporting multiple device charging simultaneously. GaN chargers are primarily targeted at tech-savvy users, frequent travelers, and professionals who require compact and high-performance charging solutions for devices like laptops, smartphones, and tablets.",https://signails.com/topics/gan-charger
Cargo ebike,669%,27100,Exploding,Positive,"A type of electric bike equipped with an electric motor and battery to provide additional power and assistance. This design facilitates the transportation of heavy loads or goods, making it a practical solution for urban logistics and personal use. Cargo e-bikes are particularly beneficial for delivery services, small businesses, and individuals seeking an eco-friendly alternative for transporting items over short distances.",https://signails.com/topics/cargo-ebike
powerstop,500%,27100,Exploding,Positive,"PowerStop LLC is a company that manufactures and distributes auto parts, specifically focusing on braking systems. The company offers a range of products including brake pads, calipers, rotor kits, sensor wires, and other related components for various types of vehicles such as cars, trucks, SUVs, duty trucks, and utility vehicles. PowerStop primarily serves customers in the United States, targeting vehicle owners and automotive professionals seeking reliable and high-performance braking solutions.",https://signails.com/topics/powerstop
Synthetic engine oil,150%,27100,Exploding,Positive,"Lubricant composed of artificially made chemical compounds, designed to enhance engine performance and protection. It offers improved lubrication, stability at high temperatures, and extended oil change intervals compared to conventional mineral oils. Synthetic engine oil is particularly recommended for high-performance vehicles and extreme driving conditions, appealing to those seeking superior engine protection and efficiency.",https://signails.com/topics/synthetic-engine-oil
Dog car seat cover,208%,27100,Exploding,Positive,"Protective accessory designed to keep a car's interior clean and undamaged from pet-related messes. These covers come in various styles such as hammock, bench, and bucket seat covers, often featuring waterproof, scratchproof, and nonslip materials to ensure durability and ease of use. They are particularly beneficial for pet owners who frequently travel with their dogs and want to maintain the cleanliness and condition of their vehicle's interior.",https://signails.com/topics/dog-car-seat-cover
Zoomo,64%,27100,Exploding,Positive,"Global leader in light electric vehicles (LEVs) and after-market servicing, designed with the experience of delivery riders in mind. Zoomo differentiates itself by focusing on creating durable and high-performance electric bikes, catering to the specific needs of delivery services. The primary target demographic includes delivery riders and businesses seeking reliable and efficient transportation solutions.",https://signails.com/topics/zoomo
Mini RC drift car,455.99999999999994%,22200,Exploding,Positive,"Small, remote-controlled vehicles designed specifically for drifting, featuring specialized components to enhance their drifting capabilities. These cars are equipped with features such as adjustable suspension, high-torque motors, and drift tires to allow for precise control and smooth drifting maneuvers. Mini RC drift cars are popular among hobbyists and enthusiasts who enjoy the challenge and excitement of RC car drifting, often appealing to those interested in motorsports and model car racing.",https://signails.com/topics/mini-rc-drift-car
Rust remover spray,335%,22200,Exploding,Positive,"A rust remover spray is a chemical product designed to eliminate rust and iron deposits from various surfaces such as cars, metal objects, and chrome. These sprays come in different formulations and sizes, offering a convenient solution for restoring the appearance and functionality of rusted items. Rust remover sprays are particularly useful for car owners, DIY enthusiasts, and professionals in maintenance and restoration fields who need an effective method to combat rust and corrosion.",https://signails.com/topics/rust-remover-spray
Moment energy,78%,22200,Exploding,Positive,Cleantech company focused on building a sustainable economy through battery energy storage systems made from repurposed electric vehicle batteries. Moment Energy differentiates itself by preventing batteries from ending up in landfills while ensuring reliable energy storage solutions. The primary beneficiaries of Moment Energy's products are environmentally conscious consumers and businesses seeking sustainable energy storage options.,https://signails.com/topics/moment-energy
Mini grinder,285%,22200,Exploding,Positive,"Versatile tools commonly used in various trade applications, including tiling, woodworking, and metalworking. They are ideal for cutting, grinding, and polishing small items such as nails, wires, and small metal rods, often being battery-operated and cordless for flexibility and ease of maneuvering. Mini grinders are particularly useful for detailed work and tasks that require precision, making them valuable for professionals and hobbyists alike.",https://signails.com/topics/mini-grinder
Portable fridge,182%,22200,Exploding,Positive,"Compact refrigeration units designed for mobile use in vehicles, RVs, boats, and other settings. They operate on 12V DC power and sometimes 110-240V AC power, providing convenience and flexibility for on-the-go cooling needs. Portable fridges are ideal for travelers, campers, and outdoor enthusiasts who require reliable refrigeration while away from home.",https://signails.com/topics/portable-fridge
Portable ev charger,1875%,18100,Exploding,Positive,"Devices designed to enable electric vehicle owners to charge their vehicles while on the move, eliminating the need for a fixed charging station. These chargers vary in types, including Level 1, Level 2, and portable DC fast chargers, each offering different charging speeds and requiring specific power outlets. Portable EV chargers are particularly beneficial for electric vehicle owners who require flexibility and convenience in charging their vehicles during travel.",https://signails.com/topics/portable-ev-charger
frunk,194%,18100,Exploding,Positive,"Storage compartment located at the front of a vehicle, typically found in electric vehicles (EVs) and some modern cars. The term combines 'front' and 'trunk,' and it provides additional storage space due to the different motor and battery configurations in EVs compared to traditional gasoline-powered cars. This feature is particularly beneficial for EV owners who need extra storage space for luggage or other items.",https://signails.com/topics/frunk
Car Air Purifier,525%,18100,Exploding,Positive,"A car air purifier is a compact device designed to improve air quality within a vehicle by removing pollutants, odors, and allergens. It often uses technologies like HEPA filters, activated carbon, or ionizers to capture particles such as dust, smoke, and pollen, ensuring a fresher and healthier cabin environment. Car air purifiers are aimed at drivers and passengers concerned about air quality, particularly those with allergies or sensitivities to airborne contaminants.",https://signails.com/topics/car-air-purifier
Hybrid inverter,1011%,18100,Exploding,Positive,"A device that combines the functionalities of an inverter and a rectifier. It can convert DC power from solar panels into AC power for home use and also convert AC power from the grid into DC power to store in batteries, allowing for efficient energy management. This technology is particularly beneficial for homeowners and businesses looking to optimize their use of solar power, grid power, and battery storage seamlessly.",https://signails.com/topics/hybrid-inverter
Magnetic Phone Holder,388%,18100,Exploding,Positive,"Accessory designed to securely hold a smartphone in place using magnetic force. Commonly used in cars, it keeps the phone accessible for navigation, hands-free calls, or music control, and often features strong magnets, 360-degree rotation, and compatibility with various smartphone models. This product is particularly beneficial for drivers who need a convenient and secure way to use their phones while on the road.",https://signails.com/topics/magnetic-phone-holder
Baby car mirror,74%,16000,Exploding,Positive,"A baby car mirror is a safety accessory designed to help parents monitor their rear-facing infants while driving. These mirrors typically offer features such as wide views, shatterproof materials, easy installation, and adjustability, ensuring that parents can keep an eye on their child without turning around. Baby car mirrors are primarily targeted at parents and caregivers who want to enhance the safety and convenience of traveling with young children.",https://signails.com/topics/baby-car-mirror
BougeRV,1567%,14800,Exploding,Positive,"Company specializing in portable refrigerators designed for car camping, RVs, and boating. BougeRV offers a variety of products in different sizes and configurations, often at discounted prices, providing value through affordability and versatility. The target audience includes outdoor enthusiasts and RV owners seeking reliable and portable refrigeration solutions.",https://signails.com/topics/bougerv
Partify,400%,14800,Exploding,Positive,"Automotive body panel supplier based in Fraser, Michigan, specializing in painted body panels. Partify offers a wide selection of high-quality aftermarket parts for vehicles, differentiating itself with its focus on painted body panels and customer service. The primary target demographic includes vehicle owners and automotive repair shops seeking reliable and aesthetically pleasing body panel replacements.",https://signails.com/topics/partify
Euler Motors,9300%,14800,Exploding,Positive,"Company specializing in the production of electric vehicle (EV) autorickshaws designed for cargo transportation. Euler Motors differentiates itself by manufacturing three-wheeler electric vehicles and providing logistic solutions, catering mainly to the electronic commerce and third-party logistics sectors. The primary target demographic includes businesses in e-commerce and logistics seeking sustainable and efficient transportation solutions.",https://signails.com/topics/euler-motors
Eargasm earplugs,925%,14800,Exploding,Positive,"Noise-reducing earplugs designed to preserve sound clarity, making them suitable for loud environments such as concerts and motorcycling. They feature a discreet design and are made from hypoallergenic soft silicone for comfort during extended use, and include a lightweight aluminum case for easy transport. These earplugs are ideal for individuals who want to protect their hearing while still being able to hear conversations and music clearly.",https://signails.com/topics/eargasm-earplugs
YesWelder,257%,14800,Exploding,Positive,"Brand owned by WeldMart Inc. that specializes in the design, research and development, and manufacture of advanced welding products. YesWelder offers a range of products including welders, plasma cutters, welding helmets, and accessories, differentiating itself by providing durable, affordable, and high-quality equipment. The brand primarily targets welding enthusiasts and professionals seeking reliable and cost-effective welding solutions.",https://signails.com/topics/yeswelder
Smartliner,47%,14800,Exploding,Positive,"Company that produces a range of products designed to protect and preserve the interior of vehicles. Smartliner USA differentiates itself by offering custom-fit liners for various vehicle types, including cars, trucks, UTVs, and golf carts, ensuring comprehensive protection and durability. Their products are primarily targeted at vehicle owners and enthusiasts who seek to maintain the cleanliness and longevity of their vehicle interiors.",https://signails.com/topics/smartliner
Car Neck Pillow,475%,14800,Exploding,Positive,"A car neck pillow is an accessory designed to provide support and comfort to the neck and head while driving. It helps maintain proper spinal alignment, reducing strain on the shoulders and back, which can lead to a more comfortable driving experience and help prevent exhaustion during long drives. This product is particularly beneficial for frequent travelers and individuals who undertake long-distance driving.",https://signails.com/topics/car-neck-pillow
Ohme,212%,14800,Exploding,Positive,"Company specializing in engineering smart home chargers for electric vehicles. Their technology integrates with all energy tariffs, allowing drivers to charge their vehicles at the cheapest and greenest times available, thereby saving money and helping the environment. Ohme primarily targets electric vehicle owners who are looking for cost-effective and eco-friendly charging solutions.",https://signails.com/topics/ohme
Sticker remover,106%,14800,Exploding,Positive,"Products designed to dissolve or break down adhesive residues from stickers, labels, or tape, facilitating their removal without damaging surfaces. Sticker removers are available in various forms, often containing ingredients like citrus oils or solvents, which effectively loosen adhesive bonds. These products are particularly useful for individuals or businesses needing to clean surfaces from unwanted adhesive residues, such as in retail, home, or office settings.",https://signails.com/topics/sticker-remover
Lumbar support pillow,352%,14800,Exploding,Positive,"Designed to provide lower back support and improve posture while sitting, these pillows are typically made from memory foam. They help alleviate back pain and promote proper spinal alignment, making them beneficial for individuals who spend long hours sitting. Lumbar support pillows are particularly useful for office workers, drivers, and anyone seeking to enhance their seating comfort and spinal health.",https://signails.com/topics/lumbar-support-pillow
Lectric,190%,14800,Exploding,Positive,"Electric bike company known for its rapid growth and significant sales volume in the United States. The company differentiates itself by offering high-quality electric bikes at affordable prices, making electric biking accessible to a broader audience. Lectric eBikes primarily targets budget-conscious consumers looking for reliable and cost-effective electric transportation solutions.",https://signails.com/topics/lectric
Car wheel watch,1329%,12100,Exploding,Positive,"A timepiece meticulously designed to resemble the wheel of an automobile. It captures the essence of speed, performance, and innovation, making it a unique accessory for automotive enthusiasts. This watch is particularly appealing to car lovers and individuals who appreciate unique, themed accessories.",https://signails.com/topics/car-wheel-watch
Cobli,417%,12100,Exploding,Positive,"Software company based in São Paulo, Brazil, specializing in fleet management solutions. Cobli offers a platform called FleetTech, which aims to optimize fleet operations by reducing costs, enhancing productivity, improving driver safety and behavior, and providing better operational control through videotelemetry solutions with AI. The primary target demographic includes businesses with fleet operations seeking to maximize efficiency and safety.",https://signails.com/topics/cobli
Wayve,650%,12100,Exploding,Positive,"London-based company specializing in autonomous driving technology, utilizing innovative embodied AI to enhance self-driving capabilities. Wayve Technologies Ltd differentiates itself by focusing on AI-driven solutions that enable vehicles to learn and adapt to complex urban environments, aiming to improve the safety and efficiency of autonomous driving. The company's technology primarily targets automotive manufacturers, urban mobility providers, and researchers in the field of autonomous vehicles.",https://signails.com/topics/wayve
Zypp,567%,12100,Exploding,Positive,"Tech-enabled EV-as-a-service platform in India, founded in 2017, aiming to achieve zero emissions through an ecosystem of electric vehicles and EV-based technology. Zypp Electric differentiates itself by focusing on carbon-free last-mile delivery for local merchants, e-commerce giants, and delivery executives, using fully automated IoT and AI-enabled scooters that are low on maintenance and high on performance. The platform primarily benefits businesses involved in grocery, medicine, food, and e-commerce deliveries, seeking to reduce delivery costs and pollution.",https://signails.com/topics/zypp
Wristlet keychain,267%,12100,Exploding,Positive,"A wristlet keychain is a convenient and portable accessory designed to hold keys and other small items, featuring a loop or strap that can be worn around the wrist. It offers ease of access and security for personal items, with various designs and materials available from brands like Lululemon, Amazon, and Leatherology. This accessory is particularly useful for individuals seeking a hands-free solution to carry their essentials, such as busy professionals, students, and active individuals.",https://signails.com/topics/wristlet-keychain
Einride,158%,12100,Exploding,Positive,"Swedish transport company specializing in electric and self-driving vehicles. The company is known for its electric trucks that are remotely controlled by drivers and lack a traditional driver's cab, setting it apart from conventional trucking solutions. Einride primarily targets logistics companies and businesses seeking sustainable and innovative transportation solutions.",https://signails.com/topics/einride
PPF wrap,675%,12100,Exploding,Positive,"A clear, durable film applied to a vehicle's exterior to protect the paint from damage caused by road debris, rocks, insects, and other environmental factors. It offers self-healing properties, which allow minor scratches and abrasions to disappear over time, differentiating it from other protective coatings. PPF wrap is particularly popular among car enthusiasts and owners of high-end vehicles who seek to maintain the pristine condition of their cars.",https://signails.com/topics/ppf-wrap
Hydrogen fuel,135%,12100,Exploding,Positive,"Clean energy source used in transportation, power generation, and industrial processes. It can be produced from various sources, with the most environmentally friendly method being electrolysis using renewable energy, and hydrogen fuel cells emit only water vapor, making them an attractive option for reducing greenhouse gas emissions. Hydrogen fuel is particularly beneficial for industries and sectors aiming to reduce their carbon footprint and adopt sustainable energy solutions.",https://signails.com/topics/hydrogen-fuel
Portable Car Air Compressor,158%,12100,Exploding,Positive,"A portable car air compressor is a compact device designed to inflate car tires and other inflatables by using an electric motor to compress and deliver air. These compressors typically feature a digital or analog pressure gauge, adjustable pressure settings, and are powered via a car’s 12V socket, battery, or an internal rechargeable battery. Portable car air compressors are commonly used by drivers, road travelers, and outdoor enthusiasts for maintaining proper tire pressure and handling emergencies.",https://signails.com/topics/portable-car-air-compressor
Car Diagnostic scanner,190%,12100,Exploding,Positive,"A car diagnostic scanner is an electronic tool used to interface with a vehicle's onboard computer systems to diagnose issues and retrieve error codes. These devices can read trouble codes generated by the car’s sensors, providing insights into problems with the engine, transmission, brakes, and other critical systems. Car diagnostic scanners are primarily used by mechanics and car owners to troubleshoot issues, maintain vehicle performance, and avoid costly repairs by catching problems early.",https://signails.com/topics/car-diagnostic-scanner
Car drying towel,168%,12100,Exploding,Positive,"Specialized towels made from materials like microfiber or chamois, designed to dry cars efficiently without leaving streaks or scratches. These towels vary in size, price, and absorbency, catering to different needs and preferences, and are known for their ability to quickly and effectively remove water from car surfaces. Car drying towels are primarily used by car enthusiasts and professionals who seek to maintain the appearance and condition of their vehicles.",https://signails.com/topics/car-drying-towel
360 Dashcam,623%,9900,Exploding,Positive,"A 360 dash cam is an automotive camera system that captures video footage in a full 360-degree field of view around the vehicle. These dash cams utilize multiple lenses or advanced stitching technology to provide comprehensive coverage, enhancing safety, security, and incident documentation by recording everything in and around the car. They are particularly valuable for drivers seeking enhanced protection against accidents, theft, or liability disputes, as well as those who want to document scenic drives or unique travel experiences.",https://signails.com/topics/360-dashcam
Carplay screen,691%,9900,Exploding,Positive,"A CarPlay screen is an in-vehicle display system that integrates with Apple’s CarPlay software to provide a seamless interface for iPhone users. It allows drivers to access navigation, make calls, send and receive messages, and listen to music through the car's infotainment system using voice commands or touch controls. This technology is primarily targeted at iPhone users seeking enhanced connectivity and a safer, more convenient driving experience.",https://signails.com/topics/carplay-screen
Car refrigerator,426%,9900,Exploding,Positive,"Portable cooling devices designed to keep food and beverages fresh during travel. They utilize thermoelectric, compressor, or absorption cooling technologies and can be powered by a car's 12V DC outlet, offering convenience and versatility. Car refrigerators are ideal for off-road trips, camping, and long road journeys, catering to travelers and outdoor enthusiasts.",https://signails.com/topics/car-refrigerator
Motional,132%,9900,Exploding,Positive,"Company specializing in driverless technology, formed as a joint venture between Aptiv and Hyundai Motor Group. Motional leverages Aptiv's automotive technology expertise and Hyundai's vehicle manufacturing capabilities to advance autonomous driving technology. The company primarily targets the automotive industry and consumers interested in autonomous vehicles and innovative transportation solutions.",https://signails.com/topics/motional
Window breaker,153%,9900,Exploding,Positive,"A tool designed to break car windows in emergency situations, often featuring additional functionalities like seat belt cutters. These tools are typically compact and easy to use, providing a quick solution for escaping a vehicle in case of an accident or other emergencies. Window breakers are primarily targeted at drivers and passengers who want to ensure their safety by having an emergency escape tool readily available in their vehicles.",https://signails.com/topics/window-breaker
astroai,493%,8100,Exploding,Positive,"Brand specializing in automotive and household tools, emphasizing innovation and comprehensive system integration. AstroAI differentiates itself by incorporating digital marketing, supply chain management, and customer service into its operations, aiming to provide a seamless customer experience. The brand primarily targets automotive enthusiasts and homeowners seeking reliable and innovative tools for various applications.",https://signails.com/topics/astroai
Cordless car vacuum,525%,8100,Exploding,Positive,"A cordless car vacuum is a portable cleaning device designed to remove dirt, debris, and dust from the interior of a vehicle. It operates on battery power, eliminating the need for a power cord and allowing for greater mobility and convenience. Cordless car vacuums are ideal for car owners who require a flexible and efficient tool for maintaining the cleanliness of their vehicle's interior.",https://signails.com/topics/cordless-car-vacuum
Clearcover,19%,8100,Exploding,Positive,"Insurance technology company that provides an online platform for purchasing car insurance. Clearcover aims to offer affordable and efficient car insurance by leveraging technology to streamline the process and reduce costs, differentiating itself with a user-friendly interface and quick claims processing. The service is primarily targeted at drivers seeking a convenient and cost-effective way to manage their car insurance needs.",https://signails.com/topics/clearcover
Synthetic fuel,292%,8100,Exploding,Positive,"Chemically synthesized fuels designed to mimic the chemical and physical properties of fossil fuels. They are typically produced from renewable or non-fossil feedstocks, such as biomass, water, and carbon dioxide, through chemical processes that convert these feedstocks into fuel. Synthetic fuels are aimed at reducing reliance on traditional fossil fuels and are targeted at industries and consumers seeking sustainable energy alternatives.",https://signails.com/topics/synthetic-fuel
Gel seat cushion,455.99999999999994%,8100,Exploding,Positive,"A seating accessory designed to enhance comfort and reduce pain during prolonged sitting periods. Made from gel material, it provides a cooling effect and even weight distribution, which helps alleviate pressure on the tailbone and reduce sciatica and back pain. Commonly used in office chairs, car seats, and wheelchairs, it is particularly beneficial for individuals who sit for extended periods.",https://signails.com/topics/gel-seat-cushion
Key fob cover,132%,8100,Exploding,Neutral,"A protective case designed to encase a car key fob, serving to shield it from physical damage, wear and tear, and environmental factors like water and dust. Some key fob covers, known as 'Faraday pouches,' offer additional security by blocking RF signals to prevent RFID attacks, using a metal lining to act as a Faraday cage. These covers are particularly beneficial for car owners looking to protect their key fobs from both physical and electronic threats.",https://signails.com/topics/key-fob-cover
Blaize,89%,8100,Exploding,Positive,"Computer hardware manufacturer based in El Dorado Hills, California, specializing in edge AI processing solutions. Blaize offers a proprietary, purpose-built, full-stack hardware architecture and a low-code/no-code software platform, differentiating itself by providing comprehensive solutions for various markets such as automotive, mobility, retail, security, industrial automation, and medical devices. The company's products are primarily targeted at industries requiring advanced AI processing capabilities at the edge.",https://signails.com/topics/blaize
Pormido,167%,6600,Exploding,Positive,"Company specializing in advanced dash cam mirrors with features such as interior cameras for monitoring, anti-glare screens, and significant blindspot reduction capabilities. Pormido differentiates itself by integrating multiple functionalities into a single device, enhancing driver safety and convenience. The primary target demographic includes vehicle owners seeking comprehensive in-car monitoring and enhanced driving safety features.",https://signails.com/topics/pormido
BrightDrop,1200%,6600,Exploding,Negative,"BrightDrop is a subsidiary of General Motors, established in 2021, that focuses on providing connected products for first- and last-mile delivery. It offers a range of solutions including light commercial electric vehicles, ePallets, and cloud-based software to enhance delivery efficiency and sustainability. BrightDrop primarily targets logistics companies and businesses involved in delivery services seeking to improve operational efficiency and reduce environmental impact.",https://signails.com/topics/brightdrop
Silicon photonics,2150%,6600,Exploding,Positive,"Technology that utilizes silicon to transmit data via light, enabling high-speed and efficient data transfer. Silicon photonics is distinguished by its high bandwidth, low power consumption, and compatibility with existing semiconductor manufacturing processes, making it valuable for data centers, telecommunications, and sensor applications. This technology primarily benefits industries requiring rapid data transmission and efficient energy use, such as telecommunications and data center operations.",https://signails.com/topics/silicon-photonics
carget,181%,6600,Exploding,Positive,"Carget is a network of used car dealerships located in various regions, including Woodbridge, VA; Saskatoon, SK, Canada; San Pedro Garza García, Nuevo Leon, Mexico; and West Milwaukee, WI. These dealerships offer a wide range of pre-owned vehicles, providing customers with diverse options and competitive pricing. Carget primarily serves individuals looking to purchase reliable used cars at affordable prices.",https://signails.com/topics/carget
Noise reducer,225.99999999999997%,6600,Exploding,Positive,"Devices or software designed to minimize unwanted ambient sounds. Commonly used in fields such as audio recording, telecommunications, and environmental noise control, they can be physical devices like noise-canceling headphones or software applications that filter out background noise from audio recordings. Noise reducers are beneficial for professionals in audio production, call centers, and individuals seeking a quieter environment.",https://signails.com/topics/noise-reducer
Car hooks,350%,5400,Exploding,Positive,"Devices used to tow items and carry stuff around with ease, typically installed in vehicles. Car hooks help secure and transport various items, making it more convenient to manage cargo and prevent items from shifting during transit. They are particularly useful for vehicle owners who frequently transport groceries, luggage, or other loose items.",https://signails.com/topics/car-hooks
May Mobility,1011%,4400,Exploding,Positive,"A company focused on developing autonomous vehicle technology to enhance urban mobility. It aims to create sustainable, safe, and accessible transit solutions by integrating advanced autonomous systems into real-world applications, differentiating itself through its emphasis on practical deployment and city beautification. The primary beneficiaries of May Mobility's innovations are urban residents and municipalities seeking to improve public transportation infrastructure.",https://signails.com/topics/may-mobility
Fast ev charger,700%,4400,Exploding,Positive,"Fast EV chargers, also known as Level 3 chargers, are devices that provide rapid charging for electric vehicles using direct current (DC). These chargers significantly reduce charging time compared to Level 1 and Level 2 chargers, with power outputs typically ranging from 50 kW to 125 kW or more, and are equipped with connectors like CHAdeMO and CCS. They are primarily used in public charging stations and are ideal for electric vehicle owners who need quick recharging during long trips or in urban areas with high traffic.",https://signails.com/topics/fast-ev-charger-YicgMoCc
Waabi,900%,4400,Exploding,Positive,"Company focused on developing next-generation autonomous trucking technology using Generative AI. Their main product, the Waabi Driver, aims to improve the efficiency and safety of autonomous trucks, setting it apart from competitors by leveraging advanced AI capabilities. Waabi primarily targets the logistics and transportation industry, including companies seeking to enhance their fleet operations with autonomous solutions.",https://signails.com/topics/waabi
Cup holder expander,355%,4400,Exploding,Positive,"A device designed to fit into a car's existing cup holder and expand its diameter, typically from 2.8 inches to 3.6 inches. This allows it to securely hold larger cups, bottles, or other containers that wouldn't normally fit into the standard cup holder, ensuring stability while driving. The primary users of this product are drivers who need to accommodate larger beverage containers in their vehicles.",https://signails.com/topics/cup-holder-expander
Softride,700%,4400,Exploding,Positive,"Manufacturer of bicycles located in Bellingham, Washington, known for their innovative designs. Softride specialized in bicycles for triathletes, featuring frames without seat tubes and seat stays to reduce aerodynamic drag and enhance ride comfort. Their products were primarily targeted at triathletes and competitive cyclists seeking performance advantages in their equipment.",https://signails.com/topics/softride
Ev solar panel,856%,4400,Exploding,Positive,"EV solar panels are designed to be compatible with both AGM and Li-ion batteries, providing a renewable energy source for electric vehicles. They can add between 0.72 and 2 miles of range per hour and between 4.3 and 12.41 miles of range per day, making them a valuable addition for extending the driving range of EVs. These solar panels are suitable for EV owners looking to enhance their vehicle's efficiency and sustainability by using renewable energy sources.",https://signails.com/topics/ev-solar-panel
euhomy,983%,4400,Exploding,Positive,"Euhomy is a brand that offers a range of portable and compact refrigeration solutions, including car refrigerators, countertop ice makers, and beverage coolers. The brand differentiates itself by providing high-quality, energy-efficient products that are designed for convenience and ease of use, making them suitable for both home and travel purposes. Euhomy's products are primarily targeted at individuals seeking reliable and portable refrigeration options for various settings, including homes, offices, and outdoor activities.",https://signails.com/topics/euhomy
Car Visor Mirror,115.99999999999999%,4400,Exploding,Neutral,"A small mirror typically attached to the sun visor of a car, used for personal grooming and checking one's appearance while in the vehicle. Car visor mirrors can range from simple reflective surfaces to more advanced versions with built-in lights or magnification, enhancing their functionality. These mirrors are particularly useful for drivers and passengers who need to make quick appearance adjustments while on the go.",https://signails.com/topics/car-visor-mirror
Dry lubricant,376%,4400,Exploding,Positive,"Materials that reduce friction between two surfaces in contact without the need for a liquid oil medium. The most common dry lubricants are graphite and molybdenum disulfide, which are effective in high-temperature environments or where contamination by liquid lubricants is a concern. These lubricants are particularly beneficial for applications in aerospace, automotive, and industrial machinery where traditional liquid lubricants might not be suitable.",https://signails.com/topics/dry-lubricant
Performance fabric,2133%,3600,Exploding,Positive,"Performance fabric refers to materials used in furniture and interior design that are engineered to be easily cleanable, stain-resistant, and highly durable. These fabrics are designed to maintain their appearance and functionality over time, making them ideal for high-traffic areas and households with children or pets. Performance fabrics are particularly beneficial for families, pet owners, and anyone seeking long-lasting, low-maintenance upholstery solutions.",https://signails.com/topics/performance-fabric
Ebike cover,900%,3600,Exploding,Positive,"A protective accessory designed to shield electric bikes from environmental factors when not in use. Typically constructed from materials like nylon, polyester, or polyurethane, these covers are waterproof, durable, lightweight, and resistant to abrasion, offering comprehensive protection. Ebike covers are particularly beneficial for electric bike owners looking to prevent long-term damage, reduce maintenance needs, and maintain the bike's appearance.",https://signails.com/topics/ebike-cover
Car assist handle,364%,3600,Exploding,Positive,"Tool designed to help individuals, especially the elderly and those with limited mobility, to safely and easily get in and out of vehicles. These handles attach to the car door latch or frame, support significant weight, and often include additional features like seatbelt cutters or window breakers, enhancing their utility. Car assist handles are particularly beneficial for elderly individuals, people with disabilities, and anyone needing extra support when entering or exiting a vehicle.",https://signails.com/topics/car-assist-handle
Echodyne,1329%,2900,Exploding,Positive,"A company specializing in advanced radar solutions, Echodyne focuses on enhancing sensing capabilities for intelligent systems and autonomous machines. It differentiates itself by providing compact, high-performance radar systems that offer superior detection and tracking capabilities, crucial for applications in security, autonomous vehicles, and unmanned aerial systems. The primary beneficiaries of Echodyne's technology are industries and organizations that require reliable and precise radar sensing for enhanced operational efficiency and safety.",https://signails.com/topics/echodyne
Bedrock robotics,5400%,2900,Exploding,Positive,"A company focused on creating autonomous robotics solutions tailored for construction sites, aiming to improve efficiency and safety in tasks such as excavation. Bedrock Robotics differentiates itself by integrating advanced technologies to automate labor-intensive processes, reducing human error and increasing productivity on construction projects. The primary beneficiaries of their solutions are construction companies seeking to enhance operational efficiency and safety through automation.",https://signails.com/topics/bedrock-robotics
Steering wheel tray,177%,2900,Exploding,Positive,"A portable accessory designed to attach to a vehicle's steering wheel, providing a stable surface for various activities such as eating, working on a laptop, or writing. These trays often feature dedicated spaces for holding pens, notepads, and drinks, ensuring that essential items are secure and easily accessible. The key aspects to consider when choosing a steering wheel tray include its stability, compatibility with different steering wheels, and additional features like cup holders.",https://signails.com/topics/steering-wheel-tray
Cirba solutions,6600%,2900,Exploding,Positive,"A company that specializes in battery management and recycling solutions, focusing on sustainable and efficient lifecycle management of batteries. Cirba Solutions addresses the growing demand for battery recycling, particularly in the context of electric vehicles and other energy storage systems, by providing environmentally responsible solutions. The company primarily targets industries involved in energy storage and electric vehicles, seeking sustainable battery management practices.",https://signails.com/topics/cirba-solutions-mRmZENZ3
Zenseact,56.99999999999999%,2900,Exploding,Positive,"A company focused on designing the complete software stack for autonomous driving and advanced driver assistance, aiming to end car accidents and make roads safer. Zenseact differentiates itself by leveraging its ownership by Volvo Cars and employing over 500 developers and engineers to create cutting-edge safety technologies. The primary target demographic includes automotive manufacturers and technology companies seeking advanced solutions for vehicle safety and automation.",https://signails.com/topics/zenseact
Battery cleaner,417%,2900,Exploding,Positive,"Typically a product used to clean and maintain the terminals and surfaces of batteries, especially in automotive and industrial applications. It helps remove corrosion, dirt, and grime that can accumulate on battery terminals, which can affect the performance and lifespan of the battery. Battery cleaners often come in spray form and may include a color indicator to show the presence of acid.",https://signails.com/topics/battery-cleaner
Stainless Diesel,700%,2900,Exploding,Positive,"A family-owned business specializing in high-quality diesel products, including single and twin turbo piping kits, billet 5 Blade turbo upgrade compressor wheels, and personalized complete turbochargers. Stainless Diesel differentiates itself by offering products designed for various applications such as pulling, towing, drag racing, and daily use, ensuring versatility and performance. The primary target demographic includes shops, tradesmen, and manufacturers essential to the economy.",https://signails.com/topics/stainless-diesel
Italkit,16%,2900,Exploding,Positive,"Online language learning platform that connects language learners and teachers through video chat. It enables students to find online teachers for one-on-one tutoring, and teachers can earn money as freelance tutors, offering a flexible and personalized learning experience. The platform primarily targets language learners seeking personalized instruction and teachers looking for freelance tutoring opportunities.",https://signails.com/topics/italkit
WeaveGrid,6100%,2400,Exploding,Positive,"WeaveGrid is a company focused on driving rapid decarbonization at the intersection of transportation and energy. The company aims to integrate and transform these two industries to address climate change by accelerating electric vehicle (EV) adoption and enhancing the EV driver experience while ensuring that charging remains affordable. WeaveGrid primarily targets EV drivers, energy providers, and stakeholders in the transportation and energy sectors who are committed to sustainable practices and reducing carbon emissions.",https://signails.com/topics/weavegrid
Geely ev,3800%,2400,Exploding,Positive,"Geely's electric vehicles, such as the Geely EX5, are part of the company's initiative to produce environmentally friendly transportation options. These vehicles are distinguished by their high safety ratings, as evidenced by the Geely EX5's top-tier performance in the Euro NCAP safety tests, and they offer a sustainable alternative to traditional combustion engine vehicles. Geely's electric vehicles primarily target environmentally conscious consumers and those seeking reliable and safe electric transportation solutions.",https://signails.com/topics/geely-ev-X5Fqxdnw
Seat gap filler,1329%,2400,Exploding,Positive,"Accessories designed to fill the gap between a car seat and the center console, preventing items like keys, phones, and coins from falling into the gap. These fillers help keep the car interior cleaner and make it easier to retrieve dropped items, with options available in various materials such as leather or fabric. They are typically universal and can fit different types of vehicles, including cars, SUVs, and trucks, appealing to drivers seeking to maintain a tidy and organized car interior.",https://signails.com/topics/seat-gap-filler
Car cleaning gel,320%,2400,Exploding,Positive,"Putty-like substances used for cleaning hard-to-reach areas in car interiors, such as dashboards, crevices, and air vents. These gels are reusable and can also be applied to other surfaces like laptops, offering a versatile cleaning solution. Car cleaning gels are particularly useful for car owners and individuals looking for an efficient way to clean intricate spaces.",https://signails.com/topics/car-cleaning-gel
RoadRunner Recycling,-19%,2400,Falling,Positive,"RoadRunner Recycling, Inc. is a company that offers tech-enhanced, fully-managed waste and recycling services for businesses. The company differentiates itself by providing comprehensive services including collection, equipment, vendor management, and detailed reporting, aiming to optimize waste management processes through technology. RoadRunner Recycling primarily serves businesses looking for efficient and sustainable waste management solutions.",https://signails.com/topics/roadrunner-recycling
Magsafe phone mount,1300%,1900,Exploding,Positive,"These accessories are designed to securely hold iPhones using MagSafe technology, which employs magnets for attachment. MagSafe phone mounts are popular for their convenience and versatility, often featuring additional functionalities such as wireless charging. They are primarily targeted at iPhone users seeking a reliable and efficient way to mount their devices in cars or on desks.",https://signails.com/topics/magsafe-phone-mount
Flatline Van Co,128%,1900,Exploding,Positive,"Company specializing in designing and selling premium parts and accessories for van conversions, particularly for Sprinter, Transit, and Promaster vans. Founded in 2018, it differentiates itself by offering fast and free shipping on all orders, aiming to outfit vans for adventure. The primary target demographic includes van enthusiasts and individuals looking to convert their vans for travel and adventure purposes.",https://signails.com/topics/flatline-van-co
Smart Garage Controller,409.99999999999994%,1900,Exploding,Positive,"A smart garage controller is a device that enables remote monitoring and control of a garage door through a smartphone app or home automation system. It typically offers features such as real-time status updates, voice control compatibility, scheduling, and integration with platforms like Google Assistant or Amazon Alexa, providing added security and convenience. Smart garage controllers are mainly intended for homeowners looking to enhance security, streamline access management, and integrate their garage into broader smart home ecosystems.",https://signails.com/topics/smart-garage-controller
Smart Car Air Freshener,5900%,1600,Exploding,Neutral,"A smart car air freshener is an advanced device designed to automatically disperse fragrance inside a vehicle, often with the ability to adjust intensity, duration, and scent cycles through a mobile app or integrated sensors. These devices typically use Bluetooth or Wi-Fi connectivity and may include features such as motion detection, air quality monitoring, and customizable scent settings. Smart car air fresheners are ideal for tech-savvy individuals seeking a personalized and automated solution for maintaining a fresh-smelling car interior.",https://signails.com/topics/smart-car-air-freshener
Ebike battery bag,2400%,1600,Exploding,Positive,"A specialized bag designed to store and transport the battery of an electric bike (Ebike). These bags are typically made from durable, weather-resistant materials to protect the battery from the elements and often feature padding to cushion the battery and prevent damage during transport. Ebike battery bags are particularly useful for Ebike riders who need to transport their batteries safely and conveniently, whether for daily commutes, long-distance rides, or travel.",https://signails.com/topics/ebike-battery-bag
Car Seat Gap Organizer,1233%,1600,Exploding,Positive,"A car seat gap organizer is a storage accessory designed to fit in the space between a car seat and the center console, preventing items from falling through while providing additional storage. It typically features compartments for holding essentials like phones, keys, wallets, and beverages, often incorporating USB ports or cup holders for added functionality. Car seat gap organizers primarily appeal to drivers, commuters, and individuals looking to maximize organization and convenience in their vehicles.",https://signails.com/topics/car-seat-gap-organizer
Mini dashcam,240%,1600,Exploding,Positive,"A mini dashcam is a compact, dashboard-mounted camera designed to record video footage of a vehicle's surroundings while driving. It typically features high-definition recording, wide-angle lenses, and functionalities like loop recording, night vision, and motion detection, with some models offering GPS tracking and app connectivity. Mini dashcams are popular among drivers seeking to document road incidents, enhance safety, or monitor vehicle security discreetly.",https://signails.com/topics/mini-dashcam
Inflatable Car Mattress,114.99999999999999%,1600,Exploding,Positive,"An inflatable car mattress is a portable, air-filled sleeping surface designed to fit in the back seat or cargo area of a vehicle. It provides a convenient and comfortable solution for resting during long road trips, camping, or emergency situations, often featuring a durable and ergonomic design for support. This product is targeted at travelers, campers, and anyone seeking a temporary, space-saving sleeping arrangement in their car.",https://signails.com/topics/inflatable-car-mattress
Portable car stereo,1050%,1300,Exploding,Positive,"These are audio systems designed for easy installation and portability across different vehicles or locations. They often feature Bluetooth connectivity, USB ports, and auxiliary inputs, allowing users to connect various devices like smartphones and MP3 players, providing high-quality sound without permanent modifications. Portable car stereos are ideal for individuals seeking to enhance their vehicle's audio experience with flexibility and convenience.",https://signails.com/topics/portable-car-stereo
Wordpiece,314%,1000,Exploding,Positive,"Subword tokenization algorithm used in natural language processing (NLP) to break down words into smaller subword units. Originally developed by Google researchers, it helps handle out-of-vocabulary words and improves the efficiency of language models by building a vocabulary of subwords based on frequency. This algorithm is particularly beneficial for NLP models like BERT, enhancing their ability to understand and generate human language.",https://signails.com/topics/wordpiece
Dog seat extender,614%,1000,Exploding,Neutral,"A dog seat extender is a product designed to increase the usable space in the back seat of a car, making it more comfortable and safer for dogs during travel. These extenders fill the gap between the front and back seats, providing a larger, more stable surface for dogs to sit or lie on, with some models featuring waterproof materials, sturdy construction, and integrated dog beds. Dog seat extenders are particularly beneficial for pet owners who frequently travel with their dogs and seek to enhance their pets' comfort and safety during car rides.",https://signails.com/topics/dog-seat-extender
Klein Vision,800%,880,Exploding,Positive,"Klein Vision is a Slovakian company focused on developing flying cars, with its headquarters in Nitra. Their flagship product, the AirCar, boasts a cruise speed of 300 km/h and a range of 1000 km, having completed over 40 hours of test flights and 142 successful landings under the Civil Aviation Authority's supervision. Klein Vision primarily targets aviation enthusiasts and innovators looking for advanced personal transportation solutions.",https://signails.com/topics/klein-vision
Smoke remover,285%,880,Exploding,Neutral,"Device designed to clean air by removing smoke particles, often used in environments where smoke is prevalent. It operates by drawing air through a filter to remove larger particles and then using ionization to collect smaller particles on cell plates, effectively reducing smoke and other contaminants. Smoke removers are particularly beneficial for individuals and businesses seeking to improve air quality in areas affected by smoke, such as bars, restaurants, and smoking lounges.",https://signails.com/topics/smoke-remover
Hemp batteries,67%,720,Exploding,Positive,"Hemp batteries are an emerging technology that utilizes carbonized hemp, specifically boron carbide made from hemp, as an alternative to traditional battery materials like cobalt or nickel. This technology is being explored as a more sustainable and cost-effective solution compared to graphene, which is challenging to produce and scale. Hemp batteries are particularly appealing to industries focused on environmentally friendly and renewable energy storage solutions.",https://signails.com/topics/hemp-batteries
Cleaning gel for car,446%,390,Exploding,Positive,"Versatile tools designed to clean hard-to-reach areas in a car's interior. These gels are reusable, non-sticky to hands, and can also be used for cleaning other items like keyboards and cameras, offering a convenient and effective cleaning solution. They are particularly useful for car owners and individuals looking for an easy way to maintain cleanliness in tight spaces.",https://signails.com/topics/cleaning-gel-for-car
windshield umbrella,204.99999999999997%,390,Exploding,Neutral,"A foldable sun shade designed to protect a car's interior from heat and UV rays. It is easy to use, compatible with various car models, and available at different price points, offering convenience and versatility for car owners. The windshield umbrella is particularly beneficial for individuals looking to maintain a cooler car interior and protect their vehicle's dashboard and upholstery from sun damage.",https://signails.com/topics/windshield-umbrella
Car seat monitor,1567%,390,Exploding,Positive,"Devices designed to enhance the safety of children in car seats by monitoring breathing, movement, temperature, and position. These monitors often provide real-time alerts to parents via smartphone connectivity, ensuring immediate awareness of any potential issues. Car seat monitors are particularly beneficial for parents and caregivers who prioritize the safety and well-being of their children during car travel.",https://signails.com/topics/car-seat-monitor
Kazam ev,800%,390,Exploding,Positive,"Company that provides electric vehicle charging solutions, offering both hardware and software-enabled chargers for various types of electric vehicles, including bikes, rickshaws, and cars. Kazam EV differentiates itself with features such as remote monitoring dashboards and weather-resistant products, enhancing the user experience and reliability of their charging stations. The company's target demographic includes electric vehicle owners and operators seeking efficient and durable charging solutions.",https://signails.com/topics/kazam-ev
outfly,91%,260,Exploding,Neutral,"To surpass, avoid, or overcome by flying faster or better than someone or something. This term is often used metaphorically to describe outperforming or outmaneuvering a competitor or challenge. It is relevant to contexts where speed, agility, and superior performance are critical.",https://signails.com/topics/outfly
Vehicle Air Purifier,3233%,210,Exploding,Positive,"A vehicle air purifier is a compact device designed to improve air quality inside vehicles by removing pollutants, allergens, and odors. Utilizing HEPA filters, activated carbon, or ionizing technology, these purifiers capture particles like dust, pollen, and smoke, creating a cleaner and fresher environment for passengers. Vehicle air purifiers are especially popular among individuals with allergies, commuters in urban areas, and anyone seeking to reduce exposure to airborne contaminants while driving.",https://signails.com/topics/vehicle-air-purifier
Flock cover,338%,170,Exploding,Positive,"Insurance product designed to help fleets save money by reducing accidents and rewarding safer driving practices. Flock cover differentiates itself by using real-time data and advanced analytics to provide tailored insurance premiums based on the safety performance of the fleet, thereby incentivizing safer driving behaviors. This product is primarily targeted at fleet managers and companies looking to lower their insurance costs while promoting safety within their vehicle operations.",https://signails.com/topics/flock-cover
Touchless technology,153%,110,Exploding,Positive,"Systems that allow users to interact without any physical input. Examples include using voice commands to navigate digital menus or employing sensors to detect gestures, providing enhanced convenience and hygiene by reducing physical contact. Touchless technology is particularly beneficial for environments where minimizing physical interaction is crucial, such as healthcare settings and public spaces.",https://signails.com/topics/touchless-technology
Coiled cable,131%,70,Exploding,Positive,"A coiled cable, also known as a curly or retractable cable, is designed to extend and retract like a spring. This design is commonly used in applications requiring frequent extension and retraction, such as telephones, audio equipment, and industrial machinery, providing the benefit of preventing tangling and maintaining organization. Coiled cables are particularly useful for users who need flexible and space-efficient cable management solutions.",https://signails.com/topics/coiled-cable
Smart Car display,2275%,50,Exploding,Positive,"A smart car display is an advanced infotainment interface integrated into a vehicle, providing access to navigation, media, vehicle diagnostics, and smartphone connectivity features. These displays often support touchscreens, voice commands, and wireless mirroring services like Apple CarPlay and Android Auto, enhancing convenience and driving safety. Smart car displays are designed for modern drivers seeking seamless integration of their digital lifestyle with their vehicle's control and entertainment systems.",https://signails.com/topics/smart-car-display
